รายวิชาเพิ่มเติม ม.5  1/2569,,  หมายเหตุ :  นักเรียนต้องอ่านเงื่อนไขของบางรายวิชาให้ชัดเจน และห้ามลงทะเบียนเรียนซ้ำในรายวิชาที่เคยเรียนมาแล้วในช่วง ม.4-6,,,,,,,,,,,,,,,,,,,,,,,,,
รหัสวิชา,ชื่อรายวิชา,นก.,คาบ/สัปดาห์,คำแนะนำรายวิชา,อ.ผู้สอน,กลุ่ม/ตอนเรียน,กลุ่มการเรียนที่ลงทะเบียนได้,จำนวนรับ,เงื่อนไขรายวิชา,จันทร์,,อังคาร,,,,พุธ,,,พฤหัสบดี,,,,ศุกร์,,,,
,,,,,,,,,,3,4,1,2,7,8,3,4,6,1,2,7,8,3,4,6,7,8
,,,,,,,,,,ว ศ,ว ศ,ว ศ,ว ศ,ว ศ,ว ศ,ว ศ,ว ศ,ว ศ,ว ศ,ว ศ,ว ศ,ว ศ,ว,ว,ว ศ,ว ศ,ว ศ
กลุ่มสาระการเรียนรู้ภาษาไทย,,,,,,,,,,,,,,,,,,,,,,,,,,,
ท32205,100 หนังสือที่เด็กและเยาวชนควรอ่าน,1,2,"ศึกษาความหมาย รูปแบบ องค์ประกอบของวรรณกรรมประเภทต่าง  ๆ พัฒนาทักษะการอ่านหนังสือ การอ่านจับใจความ อ่านเชิงวิเคราะห์ วิจารณ์ และมีวิจารณญาณในการอ่าน หลักการพิจารณาวรรณกรรม การเลือกวรรณกรรมจากหนังสือ 100 เล่มที่เยาวชนควรอ่าน ทั้งบันเทิงคดีและสารคดี ฝึกทักษะการอ่าน โดยใช้แนวคิดวรรณกรรมเป็นฐาน การตอบสนอง
ผู้อ่าน การอ่านเป็นวงวรรณกรรรม และการค้นคว้าและนำเสนอแนวคิดจากการอ่านวรรณกรรมตามความสนใจ",อ.ดร.เฉลิมลาภ,1,ทุกกลุ่ม,35,-,,,,,,,,,,✔,✔,,,,,,,
กลุ่มสาระการเรียนรู้คณิตศาสตร์,,,,,,,,,,,,,,,,,,,,,,,,,,,
ค32231,คณิตศาสตร์เพิ่มเติม 9,1.5,3,"ฟังก์ชันเอกซ์โพเนนเชียล ฟังก์ชันลอการิทึม สมการ 
เอกซ์โพเนนเชียลและสมการลอการิทึม ฟังก์ชันตรีโกณมิติ ฟังก์ชันตรีโกณมิติผกผัน เอกลักษณ์และสมการตรีโกณมิติ 
กฎของโคไซน์และกฎของไซน์",อ.ธนพัฒน์,1,ทุกกลุ่ม,30,-,,,,,,,✔,✔,,,,,,,,✔,,
,,,,,อ.ดร.นที,2,ทุกกลุ่ม,30,,,,,,,,✔,✔,,,,,,,,✔,,
,,,,,อ.วิมลมาศ,3,ทุกกลุ่ม,30,,,,,,,,✔,✔,,,,,,,,✔,,
,,,,,ผศ.กฤติญา,4,ทุกกลุ่ม,30,,,,,,,,✔,✔,,,,,,,,✔,,
,,,,,อ.ไพโรจน์,5,ทุกกลุ่ม,30,,,,,,,,✔,✔,,,,,,,,✔,,
,,,,,อ.มารุต,6,ทุกกลุ่ม,30,,,,,,,,✔,✔,,,,,,,,✔,,
ค32251,"CUD-EP คณิตศาสตร์
เพิ่มเติม 9",1.5,3,,"T.Jun-Jun / 
อ.ดร.กุลนิดา",1,EP,5,เฉพาะนักเรียนโครงการ CUD-EP,,,,,,,,,,✔,,,,✔,✔,,,
ค30219,"โปรแกรมสเปรดชีตเพื่อ
การทำงาน",1,2,"การจัดการข้อมูลและวิเคราะห์ข้อมูลเบื้องต้นด้วยโปรแกรมสเปรดชีต เช่น Microsoft Excel, Google Sheets รวมทั้งผสมผสานการทำงานร่วมกับโปรแกรม Microsoft Word, Google Forms สำหรับการทำงานในอนาคต",อ.มานพ,1,ทุกกลุ่ม,25,-,✔,✔,,,,,,,,,,,,,,,,
ค32241,"โครงการวิจัยเพื่อสังคมและ
สิ่งแวดล้อม",0.5,1,"ฝึกฝนการพัฒนาโครงร่างวิจัยเพื่อแก้ปัญหาสังคมและ
สิ่งแวดล้อมอย่างเป็นระบบ โดยวิเคราะห์สาเหตุและออกแบบแนวทางที่ตอบโจทย์ชุมชน มุ่งเน้นการกำหนดกลุ่มเป้าหมายและการเสนอวิธีแก้ปัญหาที่ปฏิบัติได้จริง เพื่อสร้าง
การเปลี่ยนแปลงเชิงบวกให้แก่สังคมรอบตัวอย่างยั่งยืน","อ.ดร.ภัทรภร / 
อ.ดร.กรวรรณ",1,ทุกกลุ่ม,8,"เรียนรวม
ม.4-6",,,,,,,,,,,,,✔,,,,,
ค32203,พรีแคลคูลัส,1,2,ศึกษาเกี่ยวกับเรขาคณิตวิเคราะห์ ภาคตัดกรวย  ฟังก์ชันต่าง ๆ ลิมิตและความต่อเนื่องของฟังก์ชัน  ลิมิตของลำดับอนันต์  และแนวคิดเบื้องต้นของอนุพันธ์ของฟังก์ชัน,ผศ.ชัยศักดิ์,1,ทุกกลุ่ม,30,-,,,,,,,,,,✔,✔,,,,,,,
กลุ่มสาระการเรียนรู้วิทยาศาสตร์และเทคโนโลยี,,,,,,,,,,,,,,,,,,,,,,,,,,,
ว30289,กิจกรรมชีววิทยา 1,1,2,"ศึกษาชีววิทยาและวิธีการทางวิทยาศาสตร์รวมทั้งกิจกรรม
สะเต็มศึกษา เพื่อใช้ในการแก้ปัญหาในชีวิตจริงผ่านการทำกิจกรรม และปฏิบัติการที่เกี่ยวข้องกับชีววิทยา เช่น การศึกษาสิ่งมีชีวิตโดยใช้กล้องจุลทรรศน์ในการหาขนาดจริงของวัตถุและศึกษาความหลากหลายของสิ่งมีชีวิตขนาดเล็กด้วยเทคนิค
การย้อมแกรม ปฏิบัติการโครงสร้างอวัยวะและเนื้อเยื่อของ
สิ่งมีชีวิต การเก็บรักษาเนื้อเยื่อทางชีวภาพเพื่อใช้ในการศึกษาวิจัย และเรียนรู้การทำงานของนักชีววิทยาในแขนงต่าง ๆ พร้อมทั้งวิธีการสื่อสารความรู้ที่ได้จากการศึกษา ข้อค้นพบ
ต่าง ๆ ให้บุคคลทั่วไปเข้าใจได้โดยง่าย การนำความรู้และ
หลักการไปใช้อธิบายปรากฏการณ์หรือแก้ปัญหาใน
ชีวิตประจำวันได้",อ.ศุจิกา,1,วิทย์-คณิต,25,-,,,✔,✔,,,,,,,,,,,,,,
ว30265,ลมฟ้าอากาศและสภาพอากาศสุดขั้ว,1,2,"ศึกษาปรากฎการณ์ที่เป็นพื้นฐานของการเกิดและ
การเปลี่ยนแปลงลมฟ้าอากาศ ผ่านกระบวนการลงมือปฏิบัติ อภิปราย ทำการทดลอง สร้างแบบจำลองเพื่ออธิบายปัจจัยที่ทำให้เกิดเมฆ ทำการทดลองเพื่ออธิบายผลของละอองลอย เมฆ แก๊สเรือนกระจก อัตราส่วนการสะท้อน สัณฐาณและการเอียงของแกนหมุนโลกที่ส่งผลต่อการรับพลังงานของโลก และฝึกวิเคราะห์ข้อมูลจากปรากฏการณ์ลมฟ้าอากาศสุดขั้วที่ส่งผลต่อการดำรงชีวิตของมนุษย์ เช่น พายุหมุนเขตร้อน ทอร์นาโด พายุฤดูร้อน คลื่นความร้อน โพลาร์วอร์เท็กซ์ ฯลฯ พร้อมวิธีการปรับตัวและรับมือผลกระทบที่เกิดขึ้นเพื่อให้สามารถอยู่ร่วมกับธรรมชาติได้อย่างยั่งยืน","อ.ดร.วิชญาดา / 
อ.วิทยา",1,วิทย์-คณิต,35,-,,,✔,✔,,,,,,,,,,,,,,
ว30292,ภารกิจพิชิตอวกาศ 2,1,2,"เรียนรู้การใช้ประโยชน์จากเทคโนโลยีอวกาศ ฐานข้อมูลภาพถ่ายจากดาวเทียม การใช้ข้อมูลจากดาวเทียมควบคู่การใช้งานโปรแกรม Google Earth ในการจัดทำภูมิสารสนเทศเบื้องต้น การออกแบบและวางแผนส่งสร้างดาวเทียมขนาดเล็กสู่
วงโคจรระดับต่ำ ผ่านโปรแกรม ESA DRAMA และ Orbit Architech เพื่อให้นักเรียนพัฒนาความรู้ความเข้าใจเกี่ยวกับการใช้งานเทคโนโลยีอวกาศและสามารถประยุกต์ใช้ความรู้ทางวิทยาศาสตร์ ภูมิศาสตร์ ฟิสิกส์ กระบวนการทางวิศวกรรมและเทคโนโลยีอวกาศในการสร้างแบบจำลองและจัดกระทำข้อมูลอย่างเป็นระบบได้",อ.ปิยาภรณ์,1,วิทย์-คณิต,20,-,,,,,,,,,,✔,✔,,,,,,,
ว32252,ชีววิทยา 2,1.5,3,"ศึกษาและปฏิบัติการเกี่ยวกับโครงสร้างและหน้าที่ของราก ลำต้น ใบของพืชดอก กระบวนการสังเคราะห์ด้วยแสง ปฏิกิริยาและรงควัตถุที่ใช้ในกระบวนการสังเคราะห์ด้วยแสง 
การแลกเปลี่ยนแก๊ส การคายน้ำ และการลำเลียงแร่ธาตุ 
การลำเลียงอาหารของพืช โครงสร้างของพืชดอก การสร้างเซลล์สืบพันธุ์ของพืชดอก การถ่ายละอองเรณู และการปฏิสนธิ 
การตอบสนองของพืชต่อสิ่งแวดล้อมและต่อสารเคมีในพืช",ผศ.น้ำผึ้ง,1,วิทย์-คณิต,35,-,,,,,,,,,✔,,,,,✔,✔,,,
,,,,,อ.สายสวาท,2,วิทย์-คณิต,35,,,,,,,,,,✔,,,,,✔,✔,,,
,,,,,"อ.ดร.โอภาส / 
ผศ.น้ำผึ้ง",3,วิทย์-คณิต,35,,,,,,,,,,,,✔,,,,,,✔,✔
,,,,,อ.ศุจิกา,4,วิทย์-คณิต,35,,,,,,,,,,,,✔,,,,,,✔,✔
ว32285,CUD-EP ชีววิทยา 2,1.5,3,,"T.Christian / 
อ.สายสวาท",1,EP,10,เฉพาะนักเรียนโครงการ CUD-EP,✔,,,,,,,,,,,,,,,,✔,✔
ว30251,ชีววิทยา CUD AP 1,1,2,ศึกษาเรื่องการเจริญเติบโตของสัตว์ และการเจริญเติบโตของมนุษย์ การรับรู้ และการตอบสนองของสิ่งมีชีวิตเซลล์เดียว และสัตว์บางชนิด ระบบประสาท อวัยวะรับความรู้สึก และ ระบบต่อมไร้ท่อของมนุษย์ กลไกการเกิดพฤติกรรมของสัตว์ และประเภทพฤติกรรมของสัตว์ และการสื่อสารระหว่างสัตว์ โดยใช้กระบวนการทางวิทยาศาสตร์ และมีจิตวิทยาศาสตร์ จริยธรรม คุณธรรม และค่านิยมที่เหมาะสม,ผศ.น้ำผึ้ง,1,วิทย์-คณิต,10,เฉพาะนักเรียนโครงการ CUD-AP,,,✔,✔,,,,,,,,,,,,,,
ว30233,เคมี 3,2,4,ศึกษาและทดลองเกี่ยวกับความสัมพันธ์ระหว่าง ปริมาตร อุณหภูมิ ความดันและจำนวนโมลของแก๊ส ความดันย่อย ทฤษฎีจลน์ ศึกษาความหมาย การคำนวณและแนวคิดเกี่ยวกับอัตราการเกิดปฏิกิริยาเคมี ปัจจัยที่ส่งผลต่ออัตราการเกิดปฏิกิริยาเคมี ศึกษาความหมายของสมดุลเคมี การคำนวณค่าคงที่สมดุล,อ.ธาริณี,1,วิทย์-คณิต,35,-,,,✔,✔,,,,,,,,,,,,,✔,✔
,,,,,อ.จักรกฤต,2,วิทย์-คณิต,35,,,,✔,✔,,,,,,,,,,,,,✔,✔
,,,,,อ.ธาริณี,3,วิทย์-คณิต,35,,✔,✔,,,,,,,,,,,,✔,✔,,,
,,,,,อ.จักรกฤต ,4,วิทย์-คณิต,35,,✔,✔,,,,,,,,,,,,✔,✔,,,
ว32283,CUD-EP เคมี 3,2,4,,"T.Saba / 
อ.จักรกฤต",1,EP,10,เฉพาะนักเรียนโครงการ CUD-EP,,,,,,,,,✔,,,✔,✔,,,✔,,
ว30237,เคมี CUD  AP 1,1,2,ศึกษาและทดลองเกี่ยวกับความหมายของสารประกอบอินทรีย์และเคมีอินทรีย์ สารประกอบไฮโดรคาร์บอนการจำแนกประเภทของสารประกอบอินทรีย์ หมู่ฟังก์ชัน การเขียนสูตร การเรียกชื่อ สมบัติทางกายภาพและสมบัติทางเคมีของสารอินทรีย์ประเภทต่าง ๆ การนำไปใช้ประโยชน์และอันตรายของสารประกอบอินทรีย์บางชนิด,อ.รัฏฏิกา,1,วิทย์-คณิต,10,เฉพาะนักเรียนโครงการ CUD-AP,,,,,,,,,,,,✔,✔,,,,,
ว30212,ฟิสิกส์ 2,1.5,3,ศึกษาความรู้และทดลองเกี่ยวกับงานและพลังงาน โมเมนตัมและการชน การเคลื่อนที่ในแนวโค้ง ซึ่งได้แก่ การเคลื่อนที่แบบโพรเจกไทล์และการเคลื่อนที่แบบวงกลม รวมทั้งการเคลื่อนที่แบบฮาร์มอนิกอย่างง่าย ,อ.พรเทพ,1,วิทย์-คณิต,35,-,✔,,,,,,,,,,,✔,✔,,,,,
,,,,,อ.น้ำฝน,2,วิทย์-คณิต,35,,✔,,,,,,,,,,,✔,✔,,,,,
,,,,,อ.พรเทพ,3,วิทย์-คณิต,35,,,,,,✔,✔,,,,✔,,,,,,,,
,,,,,อ.น้ำฝน,4,วิทย์-คณิต,35,,,,,,✔,✔,,,,✔,,,,,,,,
ว32281,CUD-EP ฟิสิกส์ 2,1.5,3,,"T.Marko / 
อ.พรเทพ",1,EP,10,เฉพาะนักเรียนโครงการ CUD-EP,,,,,,,✔,✔,,,✔,,,,,,,
ว30202,โครงงาน STEM 2,1,2,"นำประเด็นปัญหาที่ผ่านการนำเสนอเป็นโครงร่างวิจัยแล้ว 
มาลงมือทำการทดลอง วิจัยและพัฒนา หรือทำเป็นชิ้นงานต้นแบบ (Prototype) ตามโครงร่างวิจัยที่ได้ออกแบบไว้ จนได้เป็นข้อสรุปและเขียนรายงานวิจัยฉบับสมบูรณ์",อ.รัฏฏิกา ,1,วิทย์-คณิต,15,"เฉพาะนักเรียนที่ทำโครงงานสาขาเคมีจากรายวิชา 
STEM 1",,,✔,✔,,,,,,,,,,,,,,
ว30270,โคดดิง,1,2,"เรียนรู้การเขียนโปรแกรมคอมพิวเตอร์เพื่อควบคุมการทำงานของไมโครคอนโทรลเลอร์ เรียนรู้การใช้งานเซนเซอร์ต่างๆ และสามารถ สร้างชิ้นงานต้นแบบจากเทคโนโลยี IoT เพื่อแก้ปัญหาต่างๆในชีวิตประจ้าวันได้ เช่น การ ควบคุมการเปิด-ปิดอุปกรณ์เครื่องใช้ไฟฟ้าผ่านแอปพลิเคชั่นบนสมาร์ทโฟน หรือแนวคิด
แก้ปัญหาอื่นตามความสนใจของนักเรียน",อ.ธนวัฒน์,1,วิทย์-คณิต,25,-,,,,,,,,,,✔,✔,,,,,,,
ว30235,ปัญญาประดิษฐ์,1,2,ศึกษาองค์ประกอบปัญญาประดิษฐ์ (AI)  หลักการทำงานเบื้องต้นของ Machine Learning และ Deep Learning ,อ.ศิริชัย และคณะ,1,วิทย์-คณิต,18,-,,,,,,,,,,,,✔,✔,,,,,
ว32293,"ประสบการณ์ตรงกับ
ผู้เชี่ยวชาญด้านการแพทย์",1,2,เรียนรู้ประสบการณ์ตรงกับวิชาชีพแพทย์ ในสาขาต่าง ๆ เพื่อ ทำความเข้าใจกับตัวเองว่า อยากเป็นหมอจริงหรือไม่ และวางแผนอนาคตการเรียน,"อ.พญ. พิมพกา
และคณะ",1,วิทย์-คณิต,30,-,,,,,✔,✔,,,,,,,,,,,,
"กลุ่มสาระการเรียนรู้สังคมศึกษา
ศาสนาและวัฒนธรรม",,,,,,,,,,,,,,,,,,,,,,,,,,,
ส32236,เศรษฐศาสตร์สีเขียว,0.5,1,ศึกษาความรู้เบื้องต้นเกี่ยวกับเศรษฐกิจสีเขียวในเรื่องนิยามเศรษฐกิจสีเขียวในมิติต่าง ๆ ความเป็นมา กระบวนการเปลี่ยนแปลงระบบเศรษฐกิจสู่เศรษฐกิจสีเขียว การเปลี่ยนวิธีคิดและพฤติกรรมทางเศรษฐกิจ แนวทางการประกอบธุรกิจสีเขียว ประโยชน์ทางธุรกิจ การเพิ่มประสิทธิภาพเชิงนิเวศเศรษฐกิจ การพัฒนาที่ยั่งยืนในมิติต่าง ๆ,ผศ.ดร.ศรัณย์พร,1,ทุกกลุ่ม,35,-,,,,,,,,,✔,,,,,,,,,
ส32240,นักสืบประวัติศาสตร์,1,2,"ศึกษาธรรมชาติของประวัติศาสตร์และวิชาประวัติศาสตร์ 
มิติการเปลี่ยนแปลง มโนทัศน์ต่อทิศทางของสังคม และการศึกษาอย่างลึกซึ้งในประเด็นทางประวัติศาสตร์ที่สนใจโดยใช้วิธีการทางประวัติศาสตร์ และการศึกษาจากหลักฐานและแหล่งเรียนรู้ทางประวัติศาสตร์",อ.พลอยสิริ,1,ทุกกลุ่ม,20,-,,,,,,,,,,,,,,,,,✔,✔
ส32246,มนุษย์และสิ่งแวดล้อม,0.5,1,ศึกษาความสัมพันธ์ระหว่างมนุษย์และสิ่งแวดล้อม ระบบนิเวศ สถานการณ์ สาเหตุ ผลกระทบของปัญหาสิ่งแวดล้อมโลก และแนวทางการแก้ปัญหาสิ่งแวดล้อมโลก การร่วมมือของประเทศต่าง ๆ ในการอนุรักษ์สิ่งแวดล้อม,ผศ.ดร.ศรัณย์พร,1,ทุกกลุ่ม,35,-,,,,,,,,,,,,✔,,,,,,
ส32249,เสพศิลป์สะท้อนสังคม,1,2,ศึกษาพัฒนาการทางศิลปะของไทยตั้งแต่สมัยโบราณจนถึงสมัยปัจจุบัน ในฐานะที่เป็นกระจกสะท้อนพัฒนาการทางภูมิปัญญา ความคิด ความเชื่อ ค่านิยมและสังคมไทย,อ.พงษ์ภัค,1,ศิลป์,10,มีการทัศนศึกษาภายนอกโรงเรียน,,,,,,,✔,✔,,,,,,,,,,
ส32251,นวัตกรรมเพื่อสังคมอนาคต,0.5,1,"ศึกษาการพัฒนาและสร้างนวัตกรรมของมนุษยชาติ ตั้งแต่ยุคโบราณจนถึงปัจจุบัน การถอดบทเรียน การคิดค้น ต่อยอด 
จุดเปลี่ยนของนวัตกรรมในยุคต่าง ๆ การหาแนวทางร่วมมือพัฒนาและแก้ไขสถานการณ์ปัญหาต่าง ๆ ที่เกิดขึ้นในระดับภูมิภาคหรือโลกร่วมกันโดยใช้นวัตกรรมที่ส่งผลต่อการดำเนินชีวิตประจำวันอย่างมีคุณภาพ รวมถึงวิเคราะห์แนวโน้ม
การเปลี่ยนแปลงของสังคมในอนาคต",อ.สรายุุทธ,1,ทุกกลุ่ม,35,-,,,,,,,,,,,,,✔,,,,,
ส32258,การจัดการความเสี่ยงและประกันภัย,1,2,ศึกษาความรู้เบื้องต้นเกี่ยวกับประเภทความเสี่ยง การจัดการความเสี่ยงด้วยการประกันภัย การอ่านกรมธรรม์ประกันชีวิต ประกันสุขภาพ ประกันอุบัติเหตุ ประกับยานพาหนะ ประกันการเดินทาง ประกันอสังหาริมทรัพย์ การเลือกใช้ผลิตภัณฑ์ในด้านการประกันภัย และการจัดการความเสี่ยงในชีวิตของตนเองได้อย่างเหมาะสม,อ.สรายุทธ,1,ทุกกลุ่ม,35,-,,,✔,✔,,,,,,,,,,,,,,
ส30238,โลกแห่งความคิดและการใช้เหตุผล,0.5,1,"ศึกษาแนวคิดของนักปรัชญาตะวันออกและตะวันตก การใช้ตรรกะ และรู้เท่าทันตรรกะวิบัติ  ผ่านกรณีศึกษาประวัติศาสตร์และเหตุการณ์ปัจจุบัน โดยใช้ การจัดการเรียนรู้รูปแบบ
โสเครตีส ที่เน้นการโต้เถียงทางความคิดและการโต้วาที เพื่อให้นักเรียน มีการคิดอย่างเป็นระบบ สามารถแยกแยะข้อเท็จจริงออกจากอคติและการให้เหตุผลที่ผิด และ ใช้เหตุผลโน้มน้าวและสร้างความเข้าใจในการสื่อสาร และเปิดรับความเห็นต่างผ่านการเข้าใจบริบททางประวัติศาสตร์และปรัชญา",อ.ดร.สิริภัทร,1,ทุกกลุ่ม,35,-,,,,,,,,,✔,,,,,,,,,
ส32259,"พลวัตแฟชั่นกับสุนทรียภาพ
ในสังคม",0.5,1,ศึกษาความสัมพันธ์ระหว่างแฟชั่นกับสุนทรียภาพ แนวคิดและทฤษฎีว่าด้วยความงามในสังคม อธิบายวิเคราะห์ประวัติศาสตร์แฟชั่น พัฒนาการทางการออกแบบเครื่องแต่งกายในแต่ละยุคสมัย เพื่อนำมาสู่ความเข้าใจในบทบาทของแฟชั่นต่อค่านิยม ความเชื่อและการเปลี่ยนแปลงทางสังคม เพื่อเตรียมความพร้อมในการเผชิญและสร้างสรรค์แนวโน้มใหม่ในโลกแฟชั่น,อ.พิสิษฐ,1,ทุกกลุ่ม,35,-,,,,,,,,,,,,,,,,✔,,
"กลุ่มสาระการเรียนรู้สุขศึกษา
และพลศึกษา",,,,,,,,,,,,,,,,,,,,,,,,,,,
พ32242,กิจกรรมตะกร้อ,1,2,ปฏิบัติกิจกรรมตะกร้อ กิจกรรมการเคลื่อนไหวเบื้องต้นและนันทนาการมาประยุกต์ใช้,อ.ธนวิทย์,1,ทุกกลุ่ม,18,-,,,,,,,,,,,,,,,,,✔,✔
พ32252,บาสเกตบอลขั้นสูง,1,2,"ศึกษาหลักการ กติกา และรูปแบบการเล่นกีฬาบาสเกตบอล
ขั้นสูง ฝึกทักษะและเทคนิคการเล่นเชิงลึก การวางแผนกลยุทธ์ การเล่นเป็นทีม และการแก้ปัญหาเฉพาะหน้า พัฒนาความเป็นผู้นำ วินัย ความรับผิดชอบ น้ำใจนักกีฬา และสมรรถภาพทางกาย เพื่อการเล่นกีฬาอย่างถูกต้อง ปลอดภัย และมีประสิทธิภาพ",อ.สุพัฒน์พงศ์,1,ทุกกลุ่ม,25,-,,,,,✔,✔,,,,,,,,,,,,
พ32234,ซอฟท์บอลเพื่อการแข่งขัน 3,1,2,ฝึกทักษะและเทคนิคพื้นฐานที่สำคัญของการเป็นผู้เล่นฝ่ายรับเพื่อการแข่งขันกีฬาซอฟท์บอล เข้าใจบทบาทหน้าที่ของผู้เล่นฝ่ายรับตำแหน่งต่าง ๆ และการนำไปใช้เพื่อการแข่งขัน,อ.สุพัฒน์พงศ์,1,ทุกกลุ่ม,25,-,,,,,,,,,,,,✔,✔,,,,,
พ32232,การเป็นผู้นำเกมนันทนาการ,1,2,"ฝึกทักษะการเป็นผู้นำนันทนาการ และเสริมความรู้ในเรื่อง
ของกิจกรรมนันทนาการประเภทต่างๆ เพราะผู้นำนันทนาการ เป็นผู้ที่มีบทบาทและหน้าที่สำคัญของการดำเนินกิจกรรมนันทนาการ ให้บรรลุเป้าหมายได้อย่างมีประสิทธิภาพ และนอกจากจะมีความรู้แล้วยังต้องสามารถนำความรู้และทักษะ
ที่มีอยู่ มาถ่ายทอดได้อย่างมีประสิทธิภาพ",อ.ทรงพล,1,ทุกกลุ่ม,20,-,,,✔,✔,,,,,,,,,,,,,,
พ32214,เทคนิคการเป็นผู้ตัดสินกีฬาฮอกกี้ 2,1,2,"ศึกษาและวิเคราะห์กติกาการแข่งขันกีฬาฮอกกี้ฉบับปัจจุบันของสหพันธ์ฮอกกี้นานาชาติ (FIH) อย่างละเอียด รวมถึง
จรรยาบรรณและบทบาทหน้าที่ของผู้ตัดสินที่มีต่อเกมการแข่งขัน ฝึกทักษะพื้นฐานในการตัดสิน ได้แก่ การใช้สัญญาณมือ การใช้เสียงนกหวีด การจัดวางตำแหน่ง และ การเคลื่อนที่ในสนาม เพื่อให้ครอบคลุมทุกมุมมองของเกม",อ.ฉฏาธร,1,ทุกกลุ่ม,25,-,,,,,,,,,,✔,✔,,,,,,,
กลุ่มสาระการเรียนรู้ศิลปะ,,,,,,,,,,,,,,,,,,,,,,,,,,,
ศ32226,ดนตรีกับการแสดง,1,2,"ศึกษาหลักการแสดงดนตรี ที่ใช้ประกอบการแสดงต่าง ๆ ทั้งในด้านการแสดงดนตรีสด และการบรรเลงผ่านวิดีทัศน์ (MV) โดยใช้ทักษะการลงมือปฏิบัติจริง และการออกแบบเพลงผ่าน
การสืบค้นข้อมูลที่ตนเองสนใจ รวมถึงการกำกับการแสดงผ่านทำงานเป็นทีม เพื่อสร้างสรรค์ผลงานด้านศิลปะทางดนตรีและการแสดง",อ.ภูวิศ,1,ทุกกลุ่ม,20,-,,,,,✔,✔,,,,,,,,,,,,
ศ30267,ทักษะดนตรีไทยขั้นกลาง,1,2,ศึกษาพื้นฐานดนตรีไทย ได้แก่ ประเภทและลักษณะเครื่องดนตรี การอ่านเขียนโน้ตไทย การฟังและวิเคราะห์องค์ประกอบดนตรี ฝึกทักษะบรรเลงรายบุคคล พัฒนาเทคนิคควบคุมจังหวะ น้ำหนักเสียง และความถูกต้อง ฝึกบรรเลงรวมวงอย่างเป็นระบบ เพื่อนำเสนอผลงานอย่างเหมาะสม ปลูกฝังเจตคติที่ดีต่อศิลปวัฒนธรรมไทย และประยุกต์ใช้ทักษะดนตรีไทยในชีวิตหรืออาชีพได้อย่างเหมาะสม,อ.สโรชา,1,ทุกกลุ่ม,7,"เรียนรวม
ม.4-6",,,,,,,,,,,,✔,✔,,,,,
ศ30263,ปฏิบัติการวงดนตรีขนาดเล็กขั้นต้น,1,2,ศึกษาการบรรเลงเครื่องดนตรีที่ใช้ในวงโยธวาทิตของโรงเรียน ในระดับมาตรฐานสากล,อ.สุปัฏฐ์,1,ทุกกลุ่ม,7,"เรียนรวม
ม.4-6, เฉพาะนักเรียน
วงโยธวาทิตที่ผ่าน
การคัดเลือก",,,,,,,,,,,,✔,✔,,,,,
ศ30255,สร้างไอเดียผ่านอาร์ตแล็บ,1,2,"ศึกษาและสร้างสรรค์ศิลปะผ่านกิจกรรมที่ใช้วัสดุและเทคนิคหลากหลาย ฝึกการคิด ออกแบบ และพัฒนาทักษะศิลปะ
รวมถึงศิลปะดิจิทัล ผ่านการทำโปรเจกต์ตามความถนัดและความสนใจ",อ.วนาลี,1,ทุกกลุ่ม,7,"เรียนรวม
ม.4-6, มีค่าใช้จ่ายสำหรับอุปกรณ์ 500-1,000 บาท, มีการทัศนศึกษาภายนอกโรงเรียน",,,,,,,,,,,,✔,✔,,,,,
ศ30259,"ออกแบบงานศิลปะ
ขั้นก้าวหน้า",1,2,"ศึกษาแนวคิดและกระบวนการออกแบบงานศิลปะในระดับสูง โดยมุ่งพัฒนาความสามารถในการคิดวิเคราะห์ สังเคราะห์ 
และสร้างสรรค์แนวคิดเชิงลึกเพื่อนำไปสู่ผลงานออกแบบที่มีเอกลักษณ์และความหมาย ผู้เรียนจะได้สำรวจแนวโน้มร่วมสมัย เทคนิคหลากหลายรูปแบบ และวิธีการนำเสนอที่ซับซ้อนมากขึ้น  เพื่อยกระดับการออกแบบจากขั้นพื้นฐานสู่การสร้างงานเชิงวิจัยเชิงสร้างสรรค์",อ.อัฐพล,1,ทุกกลุ่ม,7,"เรียนรวม
ม.4-6, มีค่าใช้จ่ายสำหรับอุปกรณ์ 500-1,000 บาท, มีการทัศนศึกษาภายนอกโรงเรียน",,,,,,,,,,,,✔,✔,,,,,
ศ30271,"ทักษะประกวดดนตรีไทย
ขั้นกลาง",1,2,"ศึกษาทักษะการประกวดดนตรีไทย โดยเฉพาะพื้นฐานการบรรเลง ในเครื่องดนตรีไทยทุกชนิด รวมไปถึงการออกแบบแนวทางการประกวด การศึกษาอ่านโน้ตเพลง แนวทางวาง
ตารางการฝึกฝน และการมีสมาธิจดจ่อกับการบรรเลงดนตรีใน
รูปแบบการบรรเลงขั้นกลาง และพัฒนาไปสู่ทักษะขั้นสูงผ่านการเรียนแบบลงมือปฏิบัติจริง โดยมีวิทยากรคอยให้คำปรึกษา และแนะแนวทางการปฏิบัติ เพื่อเตรียมความพร้อมสำหรับประกวดดนตรี และพัฒนาความเข้าใจหลักการประกวดตามเกณฑ์ที่ถูกต้องและเหมาะสมกับรายการนั้น ๆ ",อ.ภูวิศ,1,ทุกกลุ่ม,7,"เรียนรวม
ม.4-6, เฉพาะนักดนตรีไทยที่ผ่านคัดเลือก",,,,,,,,,,,,✔,✔,,,,,
ศ30248,ทฤษฎีดนตรีสากล,1,2,"ศึกษาทฤษฎีดนตรีสากลเบื้องต้น จังหวะ ทำนอง บันไดเสียง การอ่านโน๊ต และเครื่องหมายต่าง ๆ รู้จักเครื่องดนตรี
แต่ละชนิด รวมไปถึงการพัฒนาทักษะการเล่นเครื่องดนตรีสากลเบื้องต้น ",อ.นที / อ.มนันท์สิญา /อ.ศรัณย์ ,1,ทุกกลุ่ม,25,-,,,,,✔,✔,,,,,,,,,,,,
ศ32243,นาฏศิลป์ไทยสร้างสรรค์,1,2,"ปฏิบัติการประยุกต์ใช้นาฏศิลป์ไทยในการสร้างสรรค์
ผลงานการแสดง เรียนรู้หลักการเคลื่อนไหว ท่ารำพื้นฐาน
องค์ประกอบของการแสดง การออกแบบท่ารำ การเรียบเรียงชุดการแสดง และการนำเสนอผลงาน",อ.ภัทรภูมิ,1,ทุกกลุ่ม,25,-,,,,,,,✔,✔,,,,,,,,,,
ศ30252,การถ่ายภาพเพื่อการโฆษณา,1,2,"ศึกษาพื้นฐานการถ่ายภาพเบื้องต้น เทคนิคกล้องและไฟ 
แสงธรรมชาติ การผสมแสง และการจัดองค์ประกอบของ
การถ่ายภาพแฟชั่นและภาพบุคคล ","อ.เด่นสิน / อ.วรัท / อ.กานต์ / 
อ.สิทธิกร",1,ทุกกลุ่ม,10,-,,,,,,,,,,,,✔,✔,,,,,
กลุ่มสาระการเรียนรู้การงานอาชีพ,,,,,,,,,,,,,,,,,,,,,,,,,,,
ง30274,นวัตกรรมการแปรรูปผลผลิตทางการเกษตร,1,2,"ศึกษาแนวคิดและหลักการแปรรูปผลผลิตทางการเกษตร โดยเน้นการปฏิบัติจริงอย่างเป็นระบบ เรียนรู้การถนอมอาหาร 
การเพิ่มมูลค่า การคำนวณต้นทุน และแนวคิดนวัตกรรมอาหาร ฝึกออกแบบและพัฒนาผลิตภัณฑ์อย่างสร้างสรรค์ โดยคำนึงถึงคุณภาพ ความปลอดภัย และการใช้ทรัพยากรอย่างคุ้มค่า 
เพื่อประยุกต์ใช้ในชีวิตประจำวันและต่อยอดเชิงอาชีพได้อย่างเหมาะสม",อ.ดร.อริสา,1,ทุกกลุ่ม,20,-,,,,,,,,,,✔,✔,,,,,,,
ง30291,ขนมไทยอะไรเอ่ย,1,2,ศึกษาประวัติ ประเภท วัตถุดิบ และอุปกรณ์ในการทำขนมไทย การทำบัญชีรายรับ-รายจ่าย คิดราคาต้นทุนและการกำหนดราคาขาย ฝึกทักษะการทำขนมไทย,อ.ศิรดา,1,ทุกกลุ่ม,20,-,,,✔,✔,,,,,,,,,,,,,,
ง30292,ธุรกิจกับภูมิปัญญา,1,2,ศึกษาถึงความหมาย ความสำคัญ แนวความคิดจากมรดกภูมิปัญญา กรณีศึกษาของภูมิปัญญา เพื่อออกแบบสร้างสรรค์ธุรกิจที่มีการนำภูมิปัญญามาประยุกต์ใช้เพื่อเกิดเจตคติที่ดีต่อทางภูมิปัญญา และเป็นแนวทางประยุกต์กับอาชีพต่างๆ ต่อไปในอนาคต,อ.ดร.อุษาสุดา,1,ทุกกลุ่ม,10,มีการทัศนศึกษาภายนอกโรงเรียน,,,,,,,,,,,,,,,,,✔,✔
,,,,,อ.ดร.อุษาสุดา,2,ทุกกลุ่ม,10,,,,,,✔,✔,,,,,,,,,,,,
ง30297,ห้องเรียนสกัดสมุนไพร,1,2,"ศึกษาความหมาย ความสำคัญ และประเภทของสมุนไพร 
พืชสมุนไพรและสารสำคัญที่พบ ปฏิบัติการเตรียมสารสกัดจากพืชสมุนไพรด้วยวิธีการต่างๆ รวมถึงการออกแบบผลิตภัณฑ์สมุนไพรโดยผ่านกระบวนการคิดอย่างสร้างสรรค์",อ.โมริสา,1,ทุกกลุ่ม,25,-,,,,,✔,✔,,,,,,,,,,,,
ง30299,กราฟิกพลิกอาชีพ,1,2,ศึกษาขั้นตอนกระบวนการสร้างภาพกราฟิกด้วยโปรแกรม Adobe Illustartor เสริมสร้างทักษะทางอาชีพในการทำงานด้านการออกแบบกราฟิก การประยุกต์ใช้ภาพ 2 มิติในการทำงาน อาทิ การออกแบบเว็บไซต์ และการสร้างภาพเคลื่อนไหว เพื่อตอบรับกับอาชีพใหม่ ๆ ที่เกิดขึ้นในสังคม,อ.วนาลี,1,ทุกกลุ่ม,17,-,,,✔,✔,,,,,,,,,,,,,,
,,,,,อ.วนาลี,2,ทุกกลุ่ม,17,,,,,,,,,,,✔,✔,,,,,,,
ง30266,อิเล็กทรอนิกส์พื้นฐานสร้างสรรค์,1,2,"ฝึกสร้างต้นแบบ ปฏิบัติการบัดกรี การสร้างแผ่นวงจรพิมพ์ 
การสร้างสรรค์ชิ้นงานอิเล็กทรอนิกส์ การออกแบบลายวงจร IoT และสมองกลฝังตัว ",ผศ. ดร.นาถวดี ,1,ทุกกลุ่ม,20,-,,,,,,,,,,,,✔,✔,,,,,
ง32270,โครงงานอาชีพเกษตร 1,1,2,"ศึกษาความหมาย ความสำคัญ เทคโนโลยีทางการเกษตร
นำความรู้ทางการเกษตรสร้างโครงงานทางการเกษตรที่เป็นประโยชน์กับเกษตรกรและผู้บริโภค",อ.ทิพวัลย์ ,1,ทุกกลุ่ม,20,มีค่าใช้จ่ายสำหรับอุปกรณ์ไม่เกิน 500 บาท,,,,,,,,,,,,,,,,,✔,✔
ง32282,"กลยุทธ์การพัฒนาโปรไฟล์
การศึกษา",1,2,"พัฒนากลยุทธ์และสร้างโปรไฟล์การสมัครเรียนต่อ
มหาวิทยาลัยชั้นนำในต่างประเทศ ชิงทุนการศึกษา และ
ฝึกงานระดับนานาชาติ ",อ.เมธัส,1,ทุกกลุ่ม,35,-,,,,,,,,,,,,✔,✔,,,,,
ง32283,ทักษะผู้ประกอบการยุคใหม่แห่งอนาคต,1,2,"พัฒนาทักษะและแนวคิดของผู้ประกอบการยุคใหม่สำหรับ
การทำธุรกิจ เรียนรู้การสำรวจตลาด การทดสอบไอเดีย 
การสร้างต้นแบบ และการพัฒนาธุรกิจ รวมถึงการใช้ AI 
เพื่อสร้างนวัตกรรม ",อ.ดร.วรัญญา,1,ทุกกลุ่ม,20,-,,,,,,,,,,,,,,✔,✔,,,
"กลุ่มสาระการเรียนรู้
ภาษาต่างประเทศ",,,,,,,,,,,,,,,,,,,,,,,,,,,
ฝ32201,ภาษาฝรั่งเศส 3,3,6,"ศึกษาการใช้ภาษาฝรั่งเศสในสถานการณ์ต่าง ๆ ที่ข้องกับชีวิตประจำวัน สื่อสาร อ่านออก เสียง และสร้างประโยคได้ถูกต้องตามหลักไวยกรณ์และการออกเสียง เข้าใจความเหมือนและ
ความแตกต่างระหว่างวัฒนธรรมฝรั่งเศสกับวัฒนธรรมไทย 
และตระหนักในประโยชน์และคุณค่าของการเรียนภาษาและวัฒนธรรมฝรั่งเศส รวมถึงใช้ภาษาฝรั่งเศสในการสืบค้น ค้นคว้า รวบรวมและสรุปข้อมูล ข้อเท็จจริงจากสื่อและแหล่งเรียนรู้ต่าง ๆ โดยผ่านกระบวนการทางภาษา ได้แก่ ฟัง พูด อ่าน และเขียน 
การสังเกต การวิเคราะห์ การสืบเสาะหาความรู้ กระบวนการกลุ่ม ด้วยการถ่ายโอนความรู้เป็นประโยคง่าย ๆ และข้อความสั้น ๆ","อ.ณิชาภัทร / 
อ.วิรัชวิชชา",1,ศิลป์-ฝรั่งเศส,10,-,✔,,,,✔,✔,✔,✔,,,,,,,,✔,,
ย32201,ภาษาเยอรมัน 3,3,6,"ศึกษาคำศัพท์ วลี ประโยคภาษาเยอรมัน ฝึกทักษะการฟัง 
พูด อ่าน เขียน ภาษาเยอรมันที่ใช้ในชีวิตประจำวัน บรรยายประสบการณ์ แสดงความคิดเห็นเกี่ยวกับสถานการณ์แวดล้อมรอบตัว เช่น บรรยายลักษณะ และบุคลิกภาพบุคคลต่างๆ สุขภาพ การศึกษา อาชีพ สื่อต่างๆ",ผศ.รัตนา,1,ศิลป์-เยอรมัน,10,-,✔,,,,✔,✔,✔,✔,,,,,,,,✔,,
จ32201,ภาษาจีน 3,3,6,ศึกษาภาษาจีนรวมทั้งคำศัพท์และบทสนทนาเกี่ยวกับอาหาร ภาพยนตร์ เพลง สภาพอากาศ ให้นักเรียนฝึกทักษะการสนทนายาวขึ้น และการใช้คำที่ถูกต้อง,อ.ถาน,1,ศิลป์-จีน,10,-,✔,,,,✔,✔,✔,✔,,,,,,,,✔,,
ญ32201,ภาษาญี่ปุ่น 3,3,6,"ศึกษาภาษาและวัฒนธรรมญี่ปุ่น การสั่ง การขอร้อง การอธิบายสภาพต่าง ๆ โดยมีรายละเอียด ได้แก่ การเข้าใจคำสั่งหรือ
คำขอร้องในสถานการณ์ต่าง ๆ ในโรงเรียน การพูดขอร้อง 
การตอบรับหรือปฏิเสธคำขอร้อง การสอบถามเส้นทาง และวิธีการเดินทางของสถานที่ที่ไม่เคยไปมาก่อน การอธิบายเส้นทางไปยังสถานที่ต่าง ๆ การอธิบายการแต่งกาย รูปร่าง หน้าตา นิสัย งานอดิเรกของคนในครอบครัว เพื่อน หรือสัตว์เลี้ยงให้แก่คนที่ไม่รู้จัก การเปรียบเทียบ การเล่าถึงประสบการณ์
เรื่องใกล้ตัว การอธิบายลำดับขั้นตอนในการทำอาหาร หรือ กิจกรรมในชีวิตประจำวัน การเล่าเกี่ยวกับการให้และนับของขวัญหรือสิ่งของของบุคคลต่าง ๆ การยกตัวอย่างกิจกรรมที่จะทำในวันหยุด และสิ่งที่คิดว่าจะทำต่อไป ครบทั้งทักษะการฟัง พูด อ่าน เขียน","อ.ทาเคชิ /
อ.ดร.กวิตา",1,ศิลป์-ญี่ปุ่น,10,-,✔,,,,✔,✔,✔,✔,,,,,,,,✔,,
ฝ30212,"สนทนาภาษาฝรั่งเศสใน
ชีวิตจริง",0.5,1,"ศึกษาเนื้อหาทักษะการฟังและการพูดภาษาฝรั่งเศสในระดับต้น (A1) โดยจัดกิจกรรมการเรียนรู้ให้ผู้เรียนได้ฟังและพูดตามต้นแบบ ลงมือปฏิบัติจริง ฝึกออกเสียง ฝึกจังหวะการพูด และ
ใช้ภาษาตามสถานการณ์ รวมถึงสืบค้นเพิ่มเติมตามความสนใจ และฝึกฝนด้วยตนเอง เพื่อให้ผู้เรียนเกิดความมั่นใจในการสื่อสารภาษาภาษาฝรั่งเศส สามารถเข้าใจรูปแบบเสียง เสียงสูง–ต่ำ (Intonation) ในบริบทจริงและหลากหลาย เช่น 
บทสนทนาในชีวิตประจำวัน การซื้อขายสินค้า การท่องเที่ยว",อ.ณิชาภัทร,1,ทุกกลุ่ม,25,-,,,,,,,,,,,✔,,,,,,,
ย30212,"สนทนาภาษาเยอรมันใน
ชีวิตจริง",0.5,1,ศึกษาเนื้อหาทักษะการฟังและการพูดภาษาเยอรมันในระดับต้น (A1) โดยจัดกิจกรรมการเรียนรู้ให้ผู้เรียนได้ฟังและพูดตามต้นแบบ ลงมือปฏิบัติจริง ฝึกออกเสียง ฝึกจังหวะการพูด และใช้ภาษาตามสถานการณ์ รวมถึงสืบค้นเพิ่มเติมตามความสนใจ และฝึกฝนด้วยตนเอง เพื่อให้ผู้เรียนเกิดความมั่นใจในการสื่อสารภาษาเยอรมัน สามารถเข้าใจรูปแบบเสียง เสียงสูง–ต่ำ (Intonation) ในบริบทจริงและหลากหลาย เช่น บทสนทนาในชีวิตประจำวัน การซื้อขายสินค้า การท่องเที่ยว,อ.ณัฏฐริญา,1,ทุกกลุ่ม,25,-,,,,,,,,,,✔,,,,,,,,
ญ30212,สนทนาภาษาญี่ปุ่นในชีวิตจริง,0.5,1,ศึกษาเนื้อหาทักษะการฟังและการพูดภาษาญี่ปุ่นในระดับต้น (A1) โดยจัดกิจกรรมการเรียนรู้ให้ผู้เรียนได้ฟังและพูดตามต้นแบบ ลงมือปฏิบัติจริง ฝึกออกเสียง ฝึกจังหวะการพูด และใช้ภาษาตามสถานการณ์ รวมถึงสืบค้นเพิ่มเติมตามความสนใจ และฝึกฝนด้วยตนเอง เพื่อให้ผู้เรียนเกิดความมั่นใจในการสื่อสารภาษาญี่ปุ่น สามารถเข้าใจรูปแบบเสียง เสียงสูง–ต่ำ (Intonation) ในบริบทจริงและหลากหลาย เช่น บทสนทนาในชีวิตประจำวัน การซื้อขายสินค้า การท่องเที่ยว,อ.ดร.กวิตา,1,ทุกกลุ่ม,25,-,,✔,,,,,,,,,,,,,,,,
จ30212,สนทนาภาษาจีนในชีวิตจริง,0.5,1,ศึกษาเนื้อหาทักษะการฟังและการพูดภาษาจีนในระดับต้น (A1) โดยจัดกิจกรรมการเรียนรู้ให้ผู้เรียนได้ฟังและพูดตามต้นแบบ ลงมือปฏิบัติจริง ฝึกออกเสียง ฝึกจังหวะการพูด และใช้ภาษาตามสถานการณ์ รวมถึงสืบค้นเพิ่มเติมตามความสนใจ และฝึกฝนด้วยตนเอง เพื่อให้ผู้เรียนเกิดความมั่นใจในการสื่อสารภาษาจีนส สามารถเข้าใจรูปแบบเสียง เสียงสูง–ต่ำ (Intonation) ในบริบทจริงและหลากหลาย เช่น บทสนทนาในชีวิตประจำวัน การซื้อขายสินค้า การท่องเที่ยว,อ.ถาน,1,ทุกกลุ่ม,25,-,,✔,,,,,,,,,,,,,,,,
ก30212,สนทนาภาษาเกาหลีในชีวิตจริง,0.5,1,"ศึกษาเนื้อหาทักษะการฟังและการพูดภาษาเกาหลีในระดับต้น (A1) โดยจัดกิจกรรมการเรียนรู้ให้ผู้เรียนได้ฟังและพูดตามต้นแบบ ลงมือปฏิบัติจริง ฝึกออกเสียง ฝึกจังหวะการพูด และใช้ภาษาตามสถานการณ์ รวมถึงสืบค้นเพิ่มเติมตามความสนใจ และฝึกฝนด้วยตนเอง เพื่อให้ผู้เรียนเกิดความมั่นใจใน
การสื่อสารภาษาเกาหลี สามารถเข้าใจรูปแบบเสียง เสียงสูง–ต่ำ (Intonation) ในบริบทจริงและหลากหลาย เช่น บทสนทนาในชีวิตประจำวัน การซื้อขายสินค้า การท่องเที่ยว",อ.ใหม่,1,ทุกกลุ่ม,25,-,,,,,,,,,✔,,,,,,,,,
อ32285,"เสริมสร้างทักษะการอ่าน
ภาษาอังกฤษ 1",0.5,1,สรุปความ ตีความ และแสดงความคิดเห็นจากการอ่านจากสื่อประเภทต่าง ๆ โดยเข้าใจโครงสร้างรูปแบบประโยคทั้งเรียบง่ายและซับซ้อน ตลอดจน การใช้ทักษะต่างๆ ในการแสวงหาความรู้รอบตัวที่เป็นประโยชน์เพื่อช่วยในการเปิดโลกทัศน์ รวมถึงพัฒนาทักษะการคิด การสื่อสารและการใช้เทคโนโลยี เพื่อฝึกฝนและพัฒนาทักษะภาษาอังกฤษทั้ง 4 ทักษะ โดยเฉพาะทักษะการอ่าน เพื่อใช้ในการรับสารและสื่อสารได้อย่างมีประสิทธิภาพ,อ.กฤตรัตน์,1,ทุกกลุ่ม,35,-,✔,,,,,,,,,,,,,,,,,
,,,,,อ.วิไลพรรณ,2,ทุกกลุ่ม,35,,,✔,,,,,,,,,,,,,,,,
,,,,,อ.วิไลพรรณ,3,ทุกกลุ่ม,35,,,,,,,,,,,,,✔,,,,,,
,,,,,อ.กฤตรัตน์,4,ทุกกลุ่ม,35,,,,,,,,,,✔,,,,,,,,,
อ32219,"ทักษะการสื่อสาร
ภาษาอังกฤษ 3",0.5,1,ฝึกทักษะการใช้ภาษาอังกฤษเพื่อการสื่อสาร ทั้งการฟัง การพูด การเขียน และการนำเสนอความคิดเห็นในรูปแบบต่างๆ เช่น การนำเสนอหน้าชั้นเรียน การอภิปราย การพูดสุนทรพจน์สั้นๆ การโต้วาที เป็นต้น โดยเรียนกับอ.เจ้าของภาษา ผ่านการทำกิจกรรมเพื่อพัฒนาทักษะภาษาอังกฤษทั้ง 4 ด้านคือ Reading - Speaking - Writing - Listening อีกทั้งฝึกฝนให้นักเรียนมีความมั่นใจในการสื่อสารภาษาอังกฤษมากยิ่งขึ้น,"T.Supriya / 
อ.จารุภัทร",1,ทุกกลุ่ม,25,-,,✔,,,,,,,,,,,,,,,,
,,,,,"T.Supriya / 
อ.จารุภัทร",2,ทุกกลุ่ม,25,,,,,,,,,,,,✔,,,,,,,
จ30239,สรวลสันหรรษาภาษาจีน 1,1,2,"ศึกษาภาษาจีนเพื่อการสื่อสารเฉพาะอย่าง โดยมุ่งเน้นทักษะการฟัง-พูด และ ทักษะการอ่าน-เขียนผ่านตัวอักษรพิณอิน 
รู้จักคำศัพท์ ไวยากรณ์เบื้องตัน สำนวนภาษาจีนในชีวิตประจำวัน ศึกษาภาษาผ่านการจัดประสบการณ์ทั้งในและนอกชั้นเรียน นำภาษาไปใช้เพื่อการสื่อสารจริงในชีวิตประจำวัน ตามสถานการณ์ต่างๆ  รู้จักวัฒนธรรม สื่อบันเทิง (บทเพลง ภาพยนตร์ ฯลฯ) ที่เป็นที่นิยมในกระแสวัฒนธรรมจีนและเป็นที่รู้จักในสังคมไทย โดยผู้เรียนไม่จำเป็นต้องมีพื้นฐานภาษาจีน","อ.ดร.ชัญญภัค /
อ.สุพิสัณห์",1,ทุกกลุ่ม,30,-,,,,,✔,✔,,,,,,,,,,,,
ญ32205,อักษรคันจิหรรษา,0.5,1,"ศึกษาตัวอักษรคันจิพื้นฐานในระดับ A1–A2 ควบคู่กับ การอ่านภาษาญี่ปุ่นที่มีความหมายในชีวิตประจำวัน โดยใช้กิจกรรมการอ่านเชิงความเข้าใจ และการเชื่อมโยงอักษรคันจิกับบริบทจริงในชีวิตประจำวัน เพื่อพัฒนาความสามารถในการจดจำ อ่านออกเสียง และตีความความหมายของอักษรคันจิ ตลอดจนสามารถนำคันจิไปใช้ในการอ่านและสื่อสารเบื้องต้นและ
ต่อยอดการเรียนรู้ของตนเองต่อไปได้",อ.ทาเคชิ,1,ทุกกลุ่ม,30,-,,✔,,,,,,,,,,,,,,,,
ย30237,"ภาษาเยอรมันสำหรับ
การทดสอบ",1,2,"เตรียมความพร้อมในการสอบ A-Level ภาษาเยอรมัน สรุปเนื้อหาทุกส่วนตั้งแต่การสนทนา ไวยากรณ์ คำศัพท์ ความรู้
พื้นฐานทั่วไปที่ใช้ในการสอบ และการอ่านจับใจความ สำนวนในสถานการณ์ต่าง ๆ การออกเสียง วัฒนธรรมญี่ปุ่น บทอ่าน บทสนทนา และการเติมคำหรือประโยค เป็นต้น",ผศ.รัตนา,1,ทุกกลุ่ม,20,สำหรับนักเรียนศิลป์-เยอรมันเท่านั้น,,,,,,,,,,,,✔,✔,,,,,
จ30231,ภาษาจีนเบื้องต้น 1,1,2,สำหรับนักเรียนในทุกกลุ่มการเรียนที่มีความสนใจในภาษาจีน การจัดการเรียนการสอนเพื่อเตรียมความพร้อมทางด้านทักษะภาษา ด้านวัฒนธรรมและวิชาการเพื่อนักเรียนที่สนใจศึกษาต่อระดับปริญญาตรีในต่างประเทศ การสอบวัดระดับภาษา หรือเพื่อให้ผู้เรียนมีคุณสมบัติเพิ่มเติมในด้านทักษะภาษาต่างประเทศที่ 3 หรือภาษาที่ 4 ต่อไป,อ.ดร.ชัญญภัค,1,ทุกกลุ่ม,10,"ห้ามนักเรียนศิลป์-จีน
ลงทะเบียน",,,,,,,,,,,,✔,✔,,,,,
ญ30231,ภาษาญี่ปุ่นเบื้องต้น 1,1,2,สำหรับนักเรียนในทุกกลุ่มการเรียนที่มีความสนใจในภาษาญี่ปุ่น การจัดการเรียนการสอนเพื่อเตรียมความพร้อมทางด้านทักษะภาษา ด้านวัฒนธรรมและวิชาการเพื่อนักเรียนที่สนใจศึกษาต่อระดับปริญญาตรีในต่างประเทศ การสอบวัดระดับภาษา หรือเพื่อให้ผู้เรียนมีคุณสมบัติเพิ่มเติมในด้านทักษะภาษาต่างประเทศที่ 3 หรือภาษาที่ 4 ต่อไป,อ.ดร.กวิตา,1,ทุกกลุ่ม,10,"ห้ามนักเรียนศิลป์-ญี่ปุ่น
ลงทะเบียน",,,,,,,,,,,,✔,✔,,,,,
ก30231,ภาษาเกาหลีเบื้องต้น1,1,2,สำหรับนักเรียนในทุกกลุ่มการเรียนที่มีความสนใจในภาษาเกาหลี การจัดการเรียนการสอนเพื่อเตรียมความพร้อมทางด้านทักษะภาษา ด้านวัฒนธรรมและวิชาการเพื่อนักเรียนที่สนใจศึกษาต่อระดับปริญญาตรีในต่างประเทศ การสอบวัดระดับภาษา หรือเพื่อให้ผู้เรียนมีคุณสมบัติเพิ่มเติมในด้านทักษะภาษาต่างประเทศที่ 3 หรือภาษาที่ 4 ต่อไป,อ.ใหม่,1,ทุกกลุ่ม,10,-,,,,,,,,,,,,✔,✔,,,,,
ป30215,ภาษาสเปนเบื้องต้น 1,1,2,ศึกษาไวยากรณ์ขั้นพื้นฐานของภาษาสเปน หลักการออกเสียงที่ถูกต้อง การอ่านประโยคหรือข้อความสั้น ๆ การสนทนาระดับพื้นฐานในชีวิตประจำวัน ,อ.เบญจมาศ,1,ทุกกลุ่ม,10,-,,,,,,,,,,,,✔,✔,,,,,
ก30201,ปริทรรศน์ภาษาเกาหลี,1,2,"ศึกษาการอ่าน การพูด การฟัง และการเขียน เพื่อบอกความต้องการ สิ่งที่กำลังทำ การปฏิเสธสิ่งที่ไม่สามารถทำได้ 
การสอบถามความคิดเห็น และบอกสาเหตุต่าง ๆ ",อ.แพร์ฉายญ์,1,ทุกกลุ่ม,25,-,,,✔,✔,,,,,,,,,,,,,,